{
  "manifest-bundle.zip": 1621371152849,
  "model/models.js": 1621363076999,
  "manifest.json": 1621371153070,
  "controller/Teste.controller.js": 1621357992592,
  "controller/Relatorio.controller.js": 1621357986668,
  "controller/Menu.controller.js": 1621357981252,
  "controller/Listar.controller.js": 1621363076991,
  "controller/Gerenciar.controller.js": 1621368795285,
  "controller/BaseController.js": 1621358162109,
  "controller/App.controller.js": 1621306129960,
  "Component.js": 1621306129960,
  "i18n/i18n.properties": 1621306129964,
  "Component-preload.js": 1621371153034,
  "controller/Teste-dbg.controller.js": 1621357992592,
  "model/models-dbg.js": 1621363076999,
  "controller/Relatorio-dbg.controller.js": 1621357986668,
  "controller/Menu-dbg.controller.js": 1621357981252,
  "controller/Listar-dbg.controller.js": 1621363076991,
  "controller/Gerenciar-dbg.controller.js": 1621368795285,
  "controller/BaseController-dbg.js": 1621358162109,
  "controller/App-dbg.controller.js": 1621306129960,
  "Component-dbg.js": 1621306129960,
  "view/Teste.view.xml": 1621357832903,
  "view/Relatorio.view.xml": 1621357826043,
  "view/Menu.view.xml": 1621357820063,
  "view/Listar.view.xml": 1621357813651,
  "view/Gerenciar.view.xml": 1621357806026,
  "view/App.view.xml": 1621358439407,
  "images/logo_tr.png": 1621358527368,
  "css/style.css": 1621306129964,
  "index.html": 1621310576245
}