{
  "index.html": 1621310576245,
  "controller/App.controller.js": 1621306129960,
  "model/models.js": 1621306129964,
  "manifest.json": 1621311216326,
  "Component.js": 1621306129960,
  "manifest-bundle.zip": 1621311215758,
  "Component-preload.js": 1621311216289,
  "model/models-dbg.js": 1621306129964,
  "controller/App-dbg.controller.js": 1621306129960,
  "Component-dbg.js": 1621306129960,
  "view/App.view.xml": 1621309254103,
  "css/style.css": 1621306129964,
  "i18n/i18n.properties": 1621306129964
}