{
    "resources": [
        {
            "name": "../../app/app/model/models.js"
        },
        {
            "name": "../../app/app/manifest.json"
        },
        {
            "name": "../../app/app/i18n/i18n.properties",
            "raw": "i18n/i18n.properties"
        },
        {
            "name": "../../app/app/controller/Relatorio.controller.js"
        },
        {
            "name": "../../app/app/controller/Menu.controller.js"
        },
        {
            "name": "../../app/app/controller/Listar.controller.js"
        },
        {
            "name": "../../app/app/controller/Gerenciar.controller.js"
        },
        {
            "name": "../../app/app/controller/BaseController.js"
        },
        {
            "name": "../../app/app/controller/App.controller.js"
        },
        {
            "name": "../../app/app/Component.js"
        },
        {
            "name": "../../app/app/manifest-bundle.zip"
        },
        {
            "name": "../../app/app/Component-preload.js",
            "merged": true
        },
        {
            "name": "../../app/app/model/models-dbg.js",
            "isDebug": true
        },
        {
            "name": "../../app/app/controller/Relatorio-dbg.controller.js",
            "isDebug": true
        },
        {
            "name": "../../app/app/controller/Menu-dbg.controller.js",
            "isDebug": true
        },
        {
            "name": "../../app/app/controller/Listar-dbg.controller.js",
            "isDebug": true
        },
        {
            "name": "../../app/app/controller/Gerenciar-dbg.controller.js",
            "isDebug": true
        },
        {
            "name": "../../app/app/controller/BaseController-dbg.js",
            "isDebug": true
        },
        {
            "name": "../../app/app/controller/App-dbg.controller.js",
            "isDebug": true
        },
        {
            "name": "../../app/app/Component-dbg.js",
            "isDebug": true
        },
        {
            "name": "../../sap-ui-version.json"
        },
        {
            "name": "../../app/app/view/Relatorio.view.xml"
        },
        {
            "name": "../../app/app/view/Menu.view.xml"
        },
        {
            "name": "../../app/app/view/Listar.view.xml"
        },
        {
            "name": "../../app/app/view/Gerenciar.view.xml"
        },
        {
            "name": "../../app/app/view/App.view.xml"
        },
        {
            "name": "../../app/app/images/logo_tr.png"
        },
        {
            "name": "../../app/app/css/style.css"
        },
        {
            "name": "../../app/app/index.html"
        }
    ]
}